Lat,Lon,Lat_Lon,County FIPS,County Name,Block FIPS,Block bbox,Block intersection FIPF1,Block intersection FIPF2
40.76408,-73.954926,"(40.76408, -73.954926)",36061,New York,360610116001002,"[-73.955616, 40.763428, -73.952578, 40.765545]",360610116001002,360610116001006
41.934223,-73.912331,"(41.934223, -73.912331)",36027,Dutchess,360271600052000,"[-73.915986, 41.93322, -73.908026, 41.939901]",360271600052000,360271600053009
41.196774,-73.72451,"(41.196774, -73.72451)",36119,Westchester,361190130002000,"[-73.72763, 41.194737, -73.724435, 41.198614]",361190130002000,361190130003019
41.291512,-73.893341,"(41.291512, -73.893341)",36119,Westchester,361190147014015,"[-73.89607, 41.29128, -73.889346, 41.294308]",361190147014015,361190146071007
41.717392,-73.92942,"(41.717392, -73.92942)",36027,Dutchess,360271401011014,"[-73.930873, 41.717216, -73.925437, 41.720231]",360271401011014,360271401011020
41.107639,-73.859665,"(41.107639, -73.859665)",36119,Westchester,361190118004031,"[-73.862889, 41.107245, -73.858617, 41.109365]",361190118004031,361190118004039
41.213886,-73.986,"(41.213886, -73.986)",36087,Rockland,360870106012000,"[-73.990659, 41.209338, -73.985487, 41.214996]",,
41.92643,-73.995453,"(41.92643, -73.995453)",36111,Ulster,361119519003012,"[-73.997615, 41.926064, -73.994312, 41.928352]",361119519003012,361119519004004
41.096249,-73.924957,"(41.096249, -73.924957)",36087,Rockland,360870131001009,"[-73.927489, 41.094609, -73.924693, 41.097129]",360870131001009,360870131002007
41.076408,-73.798767,"(41.076408, -73.798767)",36119,Westchester,361199810001054,"[-73.800471, 41.072668, -73.798592, 41.078153]",361199810001054,361190119022020
41.026333,-73.769585,"(41.026333, -73.769585)",36119,Westchester,361190093003002,"[-73.770495, 41.024777, -73.767737, 41.02723]",361190093003002,361190093003000
42.743382,-73.675735,"(42.743382, -73.675735)",36083,Rensselaer,360830405002003,"[-73.678256, 42.741465, -73.674852, 42.744036]",360830405002003,360830405002002
40.71722,-73.803581,"(40.71722, -73.803581)",36081,Queens,360811267002001,"[-73.808605, 40.716169, -73.803178, 40.719288]",,
40.885757,-72.380692,"(40.885757, -72.380692)",36103,Suffolk,361031908003018,"[-72.381573, 40.884176, -72.378917, 40.886167]",361031908003018,361031908003019
40.778915,-72.978035,"(40.778915, -72.978035)",36103,Suffolk,361031591021009,"[-72.978448, 40.775043, -72.972168, 40.784896]",361031591021009,361031591024000
40.933643000000004,-72.674278,"(40.933643000000004, -72.674278)",36103,Suffolk,361031699012029,"[-72.677007, 40.933343, -72.66928, 40.937501]",361031699012029,361031697043005
40.872475,-73.912773,"(40.872475, -73.912773)",36061,New York,360610297001000,"[-73.930919, 40.866743, -73.91146, 40.87757]",,
43.068096,-74.330643,"(43.068096, -74.330643)",36035,Fulton,360359710003000,"[-74.33354, 43.06802, -74.322022, 43.075597]",360359710003000,360359710003023
41.110958,-72.361282,"(41.110958, -72.361282)",36103,Suffolk,361031701012006,"[-72.362786, 41.109474, -72.36004, 41.111246]",361031701012006,361031701012007
40.649601,-73.6315,"(40.649601, -73.6315)",36059,Nassau,360594131003001,"[-73.632179, 40.647731, -73.630663, 40.64978]",,
40.941673,-73.836334,"(40.941673, -73.836334)",36119,Westchester,361190046004003,"[-73.838603, 40.941298, -73.835949, 40.943483]",361190046004003,361190046004008
40.58662,-73.965797,"(40.58662, -73.965797)",36047,Kings,360470370003004,"[-73.966614, 40.584575, -73.963442, 40.58692]",360470370003004,360470370003003
43.07869,-75.654449,"(43.07869, -75.654449)",36053,Madison,360539401032000,"[-75.701105, 43.0583, -75.640827, 43.078959]",360539401032000,360539401023024
43.229935,-75.443466,"(43.229935, -75.443466)",36065,Oneida,360650222001021,"[-75.444248, 43.227869, -75.439603, 43.231495]",360650222001021,360650222001020
43.083561,-75.267189,"(43.083561, -75.267189)",36065,Oneida,360650217011003,"[-75.269711, 43.079652, -75.262671, 43.084165]",360650217011003,360650217021012
43.964928,-75.912827,"(43.964928, -75.912827)",36045,Jefferson,360450619003001,"[-75.916008, 43.963041, -75.91256, 43.966069]",360450619003001,360450622002001
43.986073,-75.595421,"(43.986073, -75.595421)",36045,Jefferson,360450609003006,"[-75.602109, 43.983903, -75.594861, 43.989672]",360450609003006,360450609004003
40.867531,-73.220222,"(40.867531, -73.220222)",36103,Suffolk,361031349064005,"[-73.232175, 40.858287, -73.212038, 40.874301]",,
44.936363,-74.907951,"(44.936363, -74.907951)",36089,St. Lawrence,360894902002019,"[-74.908399, 44.936289, -74.907841, 44.936757]",360894902002019,360894902002012
44.676151,-74.981529,"(44.676151, -74.981529)",36089,St. Lawrence,360894909003004,"[-74.984558, 44.676077, -74.981451, 44.678114]",360894909003004,360894909005000
44.343929,-74.144363,"(44.343929, -74.144363)",36033,Franklin,360339509001040,"[-74.144597, 44.342752, -74.141015, 44.344745]",360339509001040,360339509001030
43.795677,-75.498146,"(43.795677, -75.498146)",36049,Lewis,360499503004053,"[-75.501253, 43.791029, -75.495509, 43.795993]",360499503004053,360499503001031
40.668087,-73.978905,"(40.668087, -73.978905)",36047,Kings,360470153001001,"[-73.980569, 40.666963, -73.977717, 40.668705]",360470153001001,360470153001000
44.85677,-74.291893,"(44.85677, -74.291893)",36033,Franklin,360339505012011,"[-74.29228, 44.85599, -74.289664, 44.85766]",360339505012011,360339505012010
40.705085,-73.804245,"(40.705085, -73.804245)",36081,Queens,360810236002002,"[-73.806137, 40.704672, -73.803572, 40.706255]",360810236002002,360810240002001
40.654518,-73.945045,"(40.654518, -73.945045)",36047,Kings,360470816001001,"[-73.947159, 40.654339, -73.943209, 40.655829]",360470816001001,360470816001003
40.840431,-73.848244,"(40.840431, -73.848244)",36005,Bronx,360050204002000,"[-73.849613, 40.840216, -73.847798, 40.8416]",360050204002000,360050202001000
40.765381,-73.954185,"(40.765381, -73.954185)",36061,New York,360610124008000,"[-73.954701, 40.764647, -73.952039, 40.766165]",360610124008000,360610116001002
40.725853,-73.478714,"(40.725853, -73.478714)",36059,Nassau,360595202001006,"[-73.482664, 40.725532, -73.474891, 40.730076]",,
40.734127,-73.98307,"(40.734127, -73.98307)",36061,New York,360610048006001,"[-73.983549, 40.733242, -73.980711, 40.734846]",360610048006001,360610048007000
40.655823,-73.944099,"(40.655823, -73.944099)",36047,Kings,360470808001001,"[-73.947354, 40.655594, -73.939559, 40.657768]",360470808001001,360470816001001
40.732666,-73.981598,"(40.732666, -73.981598)",36061,New York,360610048005000,"[-73.983176, 40.732643, -73.981127, 40.733923]",360610048005000,360610048005001
40.880512,-73.881538,"(40.880512, -73.881538)",36005,Bronx,360050421001000,"[-73.881756, 40.87958, -73.878487, 40.88222]",360050421001000,360050421003001
41.717999,-74.727798,"(41.717999, -74.727798)",36105,Sullivan,361059515002017,"[-74.72914, 41.715244, -74.72693, 41.719535]",361059515002017,361059515002014
41.260586,-74.357185,"(41.260586, -74.357185)",36071,Orange,360710146001016,"[-74.359449, 41.26049, -74.356752, 41.262456]",360710146001016,360710146001003
41.112255,-74.133003,"(41.112255, -74.133003)",36087,Rockland,360870120001000,"[-74.137888, 41.107385, -74.126436, 41.112507]",360870120001000,360870116023027
40.755531,-73.815475,"(40.755531, -73.815475)",36081,Queens,360810861002005,"[-73.816159, 40.755432, -73.815339, 40.756129]",360810861002005,360811201001004
41.439953,-74.368744,"(41.439953, -74.368744)",36071,Orange,360710112001072,"[-74.37573, 41.439863, -74.364302, 41.444929]",360710112001072,360710112001074
41.503017,-74.015129,"(41.503017, -74.015129)",36071,Orange,360710004003008,"[-74.015229, 41.502386, -74.013319, 41.504326]",360710004003008,360710003005000
42.814011,-75.541962,"(42.814011, -75.541962)",36053,Madison,360530309002021,"[-75.549464, 42.812206, -75.541829, 42.817627]",360530309002021,360530309001034
42.541813,-75.524773,"(42.541813, -75.524773)",36017,Chenango,360179703005014,"[-75.527708, 42.539525, -75.524486, 42.544168]",360179703005014,360179704004004
42.115063,-75.959122,"(42.115063, -75.959122)",36007,Broome,360070139002002,"[-75.959276, 42.113026, -75.957917, 42.115856]",360070139002002,360070139002001
42.457405,-75.053261,"(42.457405, -75.053261)",36077,Otsego,360775909002019,"[-75.053754, 42.457336, -75.051479, 42.458573]",360775909002019,360775909002020
42.088062,-75.91423,"(42.088062, -75.91423)",36007,Broome,360070017005009,"[-75.915464, 42.083427, -75.913934, 42.089088]",360070017005009,360070017005010
42.092606,-75.935646,"(42.092606, -75.935646)",36007,Broome,360070015002009,"[-75.937851, 42.091118, -75.934201, 42.09308]",360070015002009,360070015003010
40.774471,-73.478264,"(40.774471, -73.478264)",36059,Nassau,360595197043008,"[-73.480521, 40.774048, -73.47695, 40.776719]",360595197043008,360595198024012
40.871731,-73.62159,"(40.871731, -73.62159)",36059,Nassau,360595173013010,"[-73.624172, 40.869452, -73.621123, 40.871802]",360595173013010,360595173013007
40.847294,-73.844658,"(40.847294, -73.844658)",36005,Bronx,360050284001010,"[-73.844796, 40.843214, -73.834885, 40.856333]",360050284001010,360050200002001
40.704517,-73.91774,"(40.704517, -73.91774)",36047,Kings,360470443004001,"[-73.918504, 40.703405, -73.916609, 40.704992]",360470443004001,360470445001002
40.853909,-73.891014,"(40.853909, -73.891014)",36005,Bronx,360050375041000,"[-73.893426, 40.851098, -73.889607, 40.854689]",360050375041000,360050385004004
40.841415,-73.940704,"(40.841415, -73.940704)",36061,New York,360610251001002,"[-73.943066, 40.83918, -73.939766, 40.842154]",360610251001002,360610251001001
42.695793,-74.922684,"(42.695793, -74.922684)",36077,Otsego,360775902022016,"[-74.924602, 42.694841, -74.922582, 42.696178]",360775902022016,360775902024035
40.741699,-73.643082,"(40.741699, -73.643082)",36059,Nassau,360593036005001,"[-73.645071, 40.739652, -73.639834, 40.742039]",360593036005001,360593036006002
40.909217,-73.115198,"(40.909217, -73.115198)",36103,Suffolk,361031580072003,"[-73.118695, 40.903617, -73.111522, 40.914229]",,
42.953758,-74.216194,"(42.953758, -74.216194)",36057,Montgomery,360570704001001,"[-74.221343, 42.952963, -74.214005, 42.957122]",360570704001001,360570704001022
42.68631,-74.482956,"(42.68631, -74.482956)",36095,Schoharie,360957402004010,"[-74.483467, 42.682167, -74.472268, 42.689666]",360957402004010,360957402004018
40.968262,-73.885033,"(40.968262, -73.885033)",36119,Westchester,361190007012002,"[-73.889889, 40.961047, -73.884518, 40.972239]",361190007012002,361190008011005
40.739605,-73.976509,"(40.739605, -73.976509)",36061,New York,360610062001002,"[-73.977148, 40.73801, -73.973705, 40.740644]",360610062001002,360610066008000
40.516773,-74.196808,"(40.516773, -74.196808)",36085,Richmond,360850198004043,"[-74.196996, 40.515928, -74.195002, 40.518289]",360850198004043,360850198003026
40.635807,-74.106674,"(40.635807, -74.106674)",36085,Richmond,360850067001011,"[-74.107101, 40.634663, -74.102526, 40.637702]",360850067001011,360850105001004
40.696751,-73.286324,"(40.696751, -73.286324)",36103,Suffolk,361031470012005,"[-73.286504, 40.690694, -73.277658, 40.69704]",361031470012005,361031470013035
40.710426,-74.005486,"(40.710426, -74.005486)",36061,New York,360610015011012,"[-74.005599, 40.70966, -74.004253, 40.710936]",360610015011012,360610015011008
40.784775,-73.94368,"(40.784775, -73.94368)",36061,New York,360610156021000,"[-73.946588, 40.783933, -73.943319, 40.786173]",360610156021000,360610162005011
40.584141,-74.086998,"(40.584141, -74.086998)",36085,Richmond,360850070001005,"[-74.088496, 40.57925, -74.071295, 40.59221]",,
40.646591,-74.020439,"(40.646591, -74.020439)",36047,Kings,360470022001001,"[-74.022622, 40.645733, -74.019836, 40.647621]",360470022001001,360470022001000
40.768269,-73.924461,"(40.768269, -73.924461)",36081,Queens,360810073001001,"[-73.925417, 40.767011, -73.92298, 40.768619]",360810073001001,360810071003001
40.736208,-74.000063,"(40.736208, -74.000063)",36061,New York,360610071003000,"[-74.001095, 40.735391, -73.997805, 40.73723]",360610071003000,360610071003001
43.454781,-76.516434,"(43.454781, -76.516434)",36075,Oswego,360750216013015,"[-76.517522, 43.452161, -76.515063, 43.454983]",360750216013015,360750216013014
43.042622,-76.138809,"(43.042622, -76.138809)",36067,Onondaga,360670043011001,"[-76.142435, 43.037507, -76.137847, 43.042709]",360670043011001,360670043021006
43.007816,-76.17025,"(43.007816, -76.17025)",36067,Onondaga,360670163006013,"[-76.170617, 43.003653, -76.159866, 43.011633]",360670163006013,360670163006010
43.055744,-76.149384,"(43.055744, -76.149384)",36067,Onondaga,360670023002005,"[-76.151476, 43.054021, -76.148073, 43.057375]",,
43.041107,-76.137932,"(43.041107, -76.137932)",36067,Onondaga,360670043011001,"[-76.142435, 43.037507, -76.137847, 43.042709]",360670043011001,360670043011000
43.315116,-76.406098,"(43.315116, -76.406098)",36075,Oswego,360750211021035,"[-76.40789, 43.313559, -76.404951, 43.316301]",360750211021035,360750211021037
40.747517,-73.826035,"(40.747517, -73.826035)",36081,Queens,360810799001004,"[-73.8262, 40.746089, -73.824198, 40.748311]",360810799001004,360810799001003
40.598637,-73.752769,"(40.598637, -73.752769)",36081,Queens,360810998013004,"[-73.754262, 40.597316, -73.752457, 40.599502]",360810998013004,360811010011005
44.700279,-73.466751,"(44.700279, -73.466751)",36019,Clinton,360191010002002,"[-73.474567, 44.700114, -73.466647, 44.707332]",360191010002002,360191010002006
40.690971,-73.99781,"(40.690971, -73.99781)",36047,Kings,360470049001000,"[-73.998087, 40.690104, -73.996233, 40.691188]",360470049001000,360470047001000
42.480774,-79.33387,"(42.480774, -79.33387)",36013,Chautauqua,360130356002020,"[-79.335462, 42.479314, -79.333425, 42.481348]",,
42.559372,-79.126991,"(42.559372, -79.126991)",36013,Chautauqua,360130351005007,"[-79.127829, 42.555657, -79.119317, 42.561111]",360130351005007,360130351004022
42.091236,-79.232872,"(42.091236, -79.232872)",36013,Chautauqua,360130306002009,"[-79.233071, 42.090491, -79.229272, 42.092335]",,
42.327965,-79.569412,"(42.327965, -79.569412)",36013,Chautauqua,360130365001081,"[-79.572966, 42.327314, -79.566945, 42.334029]",360130365001081,360130365004013
40.613419,-73.948967,"(40.613419, -73.948967)",36047,Kings,360470642002003,"[-73.949306, 40.613053, -73.948335, 40.614136]",,
40.594418,-73.651054,"(40.594418, -73.651054)",36059,Nassau,360594167011004,"[-73.652861, 40.594231, -73.649666, 40.59493]",360594167011004,360594167011005
40.681789,-73.685814,"(40.681789, -73.685814)",36059,Nassau,360594100003014,"[-73.690246, 40.679034, -73.684879, 40.682816]",360594100003014,360594100003007
40.742874,-73.974159,"(40.742874, -73.974159)",36061,New York,360610062001000,"[-73.975343, 40.740402, -73.972254, 40.743782]",360610062001000,360610070005000
40.77924,-73.702888,"(40.77924, -73.702888)",36059,Nassau,360593018002018,"[-73.703402, 40.771501, -73.688074, 40.780396]",,
40.7533,-73.7068,"(40.7533, -73.7068)",36081,Queens,360811551023006,"[-73.706889, 40.752143, -73.704579, 40.75385]",360811551023006,360811551023000
43.059728,-77.102244,"(43.059728, -77.102244)",36117,Wayne,361170211001003,"[-77.104634, 43.059258, -77.099709, 43.063087]",,
43.191551,-77.701538,"(43.191551, -77.701538)",36055,Monroe,360550141042021,"[-77.702908, 43.190734, -77.70144, 43.19433]",360550141042021,360550141023008
43.220114,-77.944305,"(43.220114, -77.944305)",36055,Monroe,360550152003002,"[-77.945567, 43.220059, -77.943202, 43.223622]",360550152003002,360550153042002
43.192619,-77.584503,"(43.192619, -77.584503)",36055,Monroe,360550081001004,"[-77.584955, 43.191774, -77.584366, 43.193273]",360550081001004,360550109014002
43.135769,-77.607544,"(43.135769, -77.607544)",36055,Monroe,360550035001002,"[-77.608121, 43.132982, -77.604505, 43.136903]",360550035001002,360550034002005
43.124336,-77.623779,"(43.124336, -77.623779)",36055,Monroe,360550038054000,"[-77.629484, 43.121332, -77.617495, 43.124702]",,
43.112251,-77.616165,"(43.112251, -77.616165)",36055,Monroe,360550038052000,"[-77.623435, 43.110548, -77.616021, 43.114694]",360550038052000,360550038053016
43.098179,-75.275383,"(43.098179, -75.275383)",36065,Oneida,360650234004015,"[-75.283902, 43.094513, -75.27424, 43.102072]",360650234004015,360650265001008
40.595194,-73.782028,"(40.595194, -73.782028)",36081,Queens,360810972042008,"[-73.783612, 40.592722, -73.780719, 40.595325]",360810972042008,360810972032001
40.733735,-73.872165,"(40.733735, -73.872165)",36081,Queens,360810475001010,"[-73.873996, 40.732889, -73.870473, 40.734354]",,
42.977848,-78.878754,"(42.977848, -78.878754)",36029,Erie,360290082025000,"[-78.886142, 42.976395, -78.878665, 42.979049]",360290082025000,360290082021005
42.900394,-78.865707,"(42.900394, -78.865707)",36029,Erie,360290031004008,"[-78.867221, 42.900291, -78.862712, 42.901277]",360290031004008,360290031004015
42.84853,-78.812859,"(42.84853, -78.812859)",36029,Erie,360290008003006,"[-78.817499, 42.845713, -78.812527, 42.849097]",360290008003006,360290009003005
42.92717,-78.829224,"(42.92717, -78.829224)",36029,Erie,360290170002002,"[-78.834192, 42.92514, -78.829136, 42.929901]",360290170002002,360290170002011
42.753513,-78.132454,"(42.753513, -78.132454)",36121,Wyoming,361219705003003,"[-78.132526, 42.75341, -78.131486, 42.755256]",361219705003003,361219705005000
42.991219,-78.72982,"(42.991219, -78.72982)",36029,Erie,360290090081004,"[-78.739496, 42.991109, -78.72715, 42.997739]",,
42.92905,-78.849953,"(42.92905, -78.849953)",36029,Erie,360290052013006,"[-78.850923, 42.927526, -78.842721, 42.931461]",360290052013006,360290053001007
42.900716,-78.867203,"(42.900716, -78.867203)",36029,Erie,360290031004007,"[-78.8685, 42.900349, -78.866932, 42.901283]",360290031004007,360290031004008
42.089844,-78.42688,"(42.089844, -78.42688)",36009,Cattaraugus,360099615001035,"[-78.42962, 42.088564, -78.423821, 42.096581]",360099615001035,360099615001036
42.898525,-78.865013,"(42.898525, -78.865013)",36029,Erie,360290031004015,"[-78.866403, 42.8985, -78.863011, 42.900331]",360290031004015,360290031004014
41.367916,-74.682487,"(41.367916, -74.682487)",36071,Orange,360710021003015,"[-74.682771, 41.366855, -74.681049, 41.3682]",360710021003015,360710022003010
41.1614,-74.0364,"(41.1614, -74.0364)",36087,Rockland,360870115022006,"[-74.043303, 41.15402, -74.033213, 41.161884]",,
40.770092,-73.987785,"(40.770092, -73.987785)",36061,New York,360610145002000,"[-73.988063, 40.768595, -73.984769, 40.770415]",360610145002000,360610147001002
40.732189,-73.984711,"(40.732189, -73.984711)",36061,New York,360610040006000,"[-73.985444, 40.730659, -73.982564, 40.732347]",360610040006000,360610048005002
42.819839,-73.918747,"(42.819839, -73.918747)",36093,Schenectady,360930334001000,"[-73.919123, 42.818702, -73.91278, 42.822559]",,
42.674271,-73.749268,"(42.674271, -73.749268)",36001,Albany,360010002001005,"[-73.750436, 42.672109, -73.747096, 42.675536]",,
40.849575,-73.845055,"(40.849575, -73.845055)",36005,Bronx,360050200002000,"[-73.847885, 40.845503, -73.844796, 40.850144]",,
42.657539,-73.803879,"(42.657539, -73.803879)",36001,Albany,360010017004015,"[-73.804083, 42.657066, -73.801953, 42.658985]",360010017004015,360010017004011
42.733574,-73.671455,"(42.733574, -73.671455)",36083,Rensselaer,360830413005010,"[-73.674329, 42.732392, -73.671098, 42.735073]",360830413005010,360830413001009
42.65337,-73.773834,"(42.65337, -73.773834)",36001,Albany,360010021003003,"[-73.775976, 42.653272, -73.773267, 42.655023]",360010021003003,360010021001002
42.246239,-73.776306,"(42.246239, -73.776306)",36021,Columbia,360210013004010,"[-73.778752, 42.245617, -73.775387, 42.246988]",360210013004010,360210013004013
42.82206,-73.913651,"(42.82206, -73.913651)",36093,Schenectady,360930334001000,"[-73.919123, 42.818702, -73.91278, 42.822559]",360930334001000,360930201012015
42.793575,-73.879089,"(42.793575, -73.879089)",36093,Schenectady,360930319002000,"[-73.881648, 42.785069, -73.872829, 42.793834]",,
41.922276,-73.999237,"(41.922276, -73.999237)",36111,Ulster,361119517004024,"[-73.999852, 41.921857, -73.998885, 41.922518]",361119517004024,361119519004004
40.803664,-73.942133,"(40.803664, -73.942133)",36061,New York,360610198001006,"[-73.942567, 40.802499, -73.940447, 40.80383]",360610198001006,360610198002000
40.639423,-73.99839,"(40.639423, -73.99839)",36047,Kings,360470114003001,"[-74.000925, 40.639016, -73.998139, 40.640905]",360470114003001,360470114001003
40.947533,-73.060081,"(40.947533, -73.060081)",36103,Suffolk,361031582062005,"[-73.065246, 40.94229, -73.058457, 40.94802]",361031582062005,361031582072028
40.93816,-73.053894,"(40.93816, -73.053894)",36103,Suffolk,361031582074011,"[-73.058457, 40.937853, -73.046151, 40.947402]",361031582074011,361031582073001
40.912476,-73.840004,"(40.912476, -73.840004)",36119,Westchester,361190036003000,"[-73.841018, 40.911784, -73.839839, 40.914262]",361190036003000,361190036001012
40.913021,-73.787086,"(40.913021, -73.787086)",36119,Westchester,361190063004000,"[-73.788809, 40.912046, -73.786872, 40.913928]",361190063004000,361190063002013
40.817661,-73.92421,"(40.817661, -73.92421)",36005,Bronx,360050065001002,"[-73.92622, 40.815439, -73.922758, 40.818013]",360050065001002,360050065002004
40.725353,-73.554321,"(40.725353, -73.554321)",36059,Nassau,360594078021002,"[-73.556987, 40.725088, -73.55147, 40.729317]",,
40.810238,-73.508614,"(40.810238, -73.508614)",36059,Nassau,360595183004006,"[-73.512708, 40.809734, -73.504652, 40.820608]",360595183004006,360595187006001
40.800301,-73.669098,"(40.800301, -73.669098)",36059,Nassau,360593016002007,"[-73.669336, 40.797156, -73.663167, 40.802102]",,
40.857388,-73.846741,"(40.857388, -73.846741)",36005,Bronx,360050296001008,"[-73.849495, 40.857137, -73.843541, 40.858164]",360050296001008,360050296002000
40.790482,-73.953766,"(40.790482, -73.953766)",36061,New York,360610168002002,"[-73.954817, 40.788533, -73.951835, 40.791085]",360610168002002,360610143001017
40.802979,-73.940811,"(40.802979, -73.940811)",36061,New York,360610198001006,"[-73.942567, 40.802499, -73.940447, 40.80383]",,
40.74432,-73.885719,"(40.74432, -73.885719)",36081,Queens,360810267002000,"[-73.887469, 40.74393, -73.883798, 40.745927]",360810267002000,360810267002007
40.701412,-73.816299,"(40.701412, -73.816299)",36081,Queens,360810142021000,"[-73.81686, 40.699791, -73.815354, 40.702453]",360810142021000,360810142021001
40.725014,-73.240372,"(40.725014, -73.240372)",36103,Suffolk,361031473002011,"[-73.24338, 40.72444, -73.239483, 40.727962]",361031473002011,361031473006028
40.655066,-73.912579,"(40.655066, -73.912579)",36047,Kings,360470890006003,"[-73.914659, 40.654135, -73.910679, 40.656783]",,
40.688408,-73.63324,"(40.688408, -73.63324)",36059,Nassau,360594062023003,"[-73.635761, 40.684005, -73.632819, 40.68985]",360594062023003,360594126001000
43.084843,-73.796341,"(43.084843, -73.796341)",36091,Saratoga,360910612003000,"[-73.798607, 43.084734, -73.794666, 43.08835]",360910612003000,360910612003007
43.30735,-73.645996,"(43.30735, -73.645996)",36113,Warren,361130701001002,"[-73.650456, 43.303452, -73.642199, 43.308931]",,
40.773907,-73.960632,"(40.773907, -73.960632)",36061,New York,360610128004000,"[-73.961939, 40.773008, -73.959857, 40.774324]",360610128004000,360610140004001
41.015186,-73.75573,"(41.015186, -73.75573)",36119,Westchester,361190097021000,"[-73.757106, 41.01381, -73.746124, 41.021412]",,
42.914642,-78.784241,"(42.914642, -78.784241)",36029,Erie,360290107002017,"[-78.784337, 42.913116, -78.771199, 42.917443]",360290107002017,360290105002007
42.508575,-78.659103,"(42.508575, -78.659103)",36029,Erie,360290159001014,"[-78.661108, 42.508456, -78.656049, 42.51267]",360290159001014,360290159002004
42.920331,-78.867515,"(42.920331, -78.867515)",36029,Erie,360290169003003,"[-78.869173, 42.915376, -78.86518, 42.920613]",,
43.026154,-78.862457,"(43.026154, -78.862457)",36063,Niagara,360630232001019,"[-78.863917, 43.023505, -78.861024, 43.02654]",360630232001019,360630232001011
43.223637,-78.397141,"(43.223637, -78.397141)",36073,Orleans,360730404003005,"[-78.398862, 43.220438, -78.39521, 43.225328]",360730404003005,360730404003013
40.617954,-73.94323,"(40.617954, -73.94323)",36047,Kings,360470746002003,"[-73.943591, 40.617678, -73.942416, 40.619918]",360470746002003,360470746002004
40.879513,-73.417442,"(40.879513, -73.417442)",36103,Suffolk,361031103003002,"[-73.417872, 40.877864, -73.412322, 40.880889]",361031103003002,361031103003003
43.00404,-78.177475,"(43.00404, -78.177475)",36037,Genesee,360379508002004,"[-78.177585, 43.003821, -78.175914, 43.005741]",360379508002004,360379508002006
43.28714,-78.707054,"(43.28714, -78.707054)",36063,Niagara,360630242011006,"[-78.711267, 43.286522, -78.706979, 43.288275]",360630242011006,360630242011008
44.692039,-75.499908,"(44.692039, -75.499908)",36089,St. Lawrence,360894916003028,"[-75.500649, 44.69087, -75.498821, 44.692252]",360894916003028,360894916003025
43.176472,-78.670998,"(43.176472, -78.670998)",36063,Niagara,360630238003009,"[-78.673582, 43.175885, -78.669517, 43.178714]",360630238003009,360630239021011
41.384766,-73.664413,"(41.384766, -73.664413)",36079,Putnam,360790116003000,"[-73.66571, 41.366741, -73.657414, 41.389305]",360790116003000,360790116003004
44.338207,-75.474411,"(44.338207, -75.474411)",36089,St. Lawrence,360894927004016,"[-75.47498, 44.337652, -75.473975, 44.338316]",360894927004016,360894927002007
40.879951,-73.880562,"(40.879951, -73.880562)",36005,Bronx,360050421001000,"[-73.881756, 40.87958, -73.878487, 40.88222]",360050421001000,360050419001002
42.314438,-77.660164,"(42.314438, -77.660164)",36101,Steuben,361019608003011,"[-77.661376, 42.313006, -77.659821, 42.314613]",361019608003011,361019608004016
42.960537,-77.138863,"(42.960537, -77.138863)",36069,Ontario,360690503013018,"[-77.139756, 42.960465, -77.13876, 42.961494]",360690503013018,360690503013021
42.875027,-77.289818,"(42.875027, -77.289818)",36069,Ontario,360690510001012,"[-77.290197, 42.874941, -77.288975, 42.87582]",360690510001012,360690510003013
42.141293,-77.047562,"(42.141293, -77.047562)",36101,Steuben,361019627003002,"[-77.048977, 42.139715, -77.04456, 42.141542]",361019627003002,361019627001048
42.122921,-77.949974,"(42.122921, -77.949974)",36003,Allegany,360039507002035,"[-77.958506, 42.120905, -77.948646, 42.127538]",360039507002035,360039507002041
42.372952,-77.278656,"(42.372952, -77.278656)",36101,Steuben,361019614002101,"[-77.294922, 42.363159, -77.273601, 42.378161]",361019614002101,361019614002097
42.551964,-77.700195,"(42.551964, -77.700195)",36051,Livingston,360510314003014,"[-77.700885, 42.55162, -77.696704, 42.553952]",360510314003014,360510314003016
43.154659,-79.030556,"(43.154659, -79.030556)",36063,Niagara,360630244043019,"[-79.038449, 43.151543, -79.028675, 43.156326]",360630244043019,360630244043005
43.094048,-79.0504,"(43.094048, -79.0504)",36063,Niagara,360630212004007,"[-79.050522, 43.093103, -79.047368, 43.09478]",360630212004007,360630212002000
40.67794,-73.937515,"(40.67794, -73.937515)",36047,Kings,360470271001000,"[-73.938609, 40.677612, -73.935599, 40.679035]",,
40.753349,-73.706848,"(40.753349, -73.706848)",36081,Queens,360811551023000,"[-73.713731, 40.749474, -73.70542, 40.756216]",360811551023000,360811551023006
40.659435,-73.934036,"(40.659435, -73.934036)",36047,Kings,360470878002001,"[-73.934231, 40.658119, -73.93209, 40.660532]",360470878002001,360470876002000
40.689842,-73.977455,"(40.689842, -73.977455)",36047,Kings,360470031003000,"[-73.978947, 40.689622, -73.973126, 40.693438]",360470031003000,360470033002000
40.764386,-73.956812,"(40.764386, -73.956812)",36061,New York,360610116001004,"[-73.958321, 40.763667, -73.955616, 40.765242]",,
40.894569,-73.86142,"(40.894569, -73.86142)",36005,Bronx,360050435001035,"[-73.870148, 40.878129, -73.86136, 40.894812]",360050435001035,360050420001002
40.81435,-73.940506,"(40.81435, -73.940506)",36061,New York,360610212002001,"[-73.940855, 40.812748, -73.937144, 40.814774]",,
40.805912,-73.961639,"(40.805912, -73.961639)",36061,New York,360610201011002,"[-73.962008, 40.804706, -73.959826, 40.806136]",360610201011002,360610203002001
40.843609,-73.911545,"(40.843609, -73.911545)",36005,Bronx,360050227031004,"[-73.911949, 40.842948, -73.910367, 40.8439]",,
40.728745,-73.851036,"(40.728745, -73.851036)",36081,Queens,360810713042001,"[-73.852175, 40.728478, -73.850879, 40.729611]",360810713042001,360810713042002
40.929512,-73.896957,"(40.929512, -73.896957)",36119,Westchester,361190003003007,"[-73.90059, 40.928827, -73.896463, 40.932018]",361190003003007,361190003003006
41.08773,-73.803993,"(41.08773, -73.803993)",36119,Westchester,361199810001032,"[-73.808198, 41.087157, -73.803912, 41.090168]",361199810001032,361199810001033
41.014721,-73.862259,"(41.014721, -73.862259)",36119,Westchester,361190105003002,"[-73.862737, 41.013172, -73.859499, 41.014916]",361190105003002,361190104001017
41.694523,-73.935799,"(41.694523, -73.935799)",36027,Dutchess,360272207001016,"[-73.937522, 41.691915, -73.933959, 41.695877]",360272207001016,360272207002002
42.940811,-76.564758,"(42.940811, -76.564758)",36011,Cayuga,360110414002008,"[-76.566912, 42.940697, -76.562665, 42.942499]",360110414002008,360110414003003
42.609051,-76.186195,"(42.609051, -76.186195)",36023,Cortland,360239707005012,"[-76.188995, 42.608257, -76.18606, 42.609436]",360239707005012,360239705002003
40.700535,-73.941711,"(40.700535, -73.941711)",36047,Kings,360470285011000,"[-73.944388, 40.699699, -73.941149, 40.700725]",360470285011000,360470389001003
42.469826,-76.536896,"(42.469826, -76.536896)",36109,Tompkins,361090009003013,"[-76.547793, 42.467045, -76.52913, 42.480159]",,
42.875748,-76.987427,"(42.875748, -76.987427)",36069,Ontario,360690517001004,"[-76.993711, 42.875682, -76.983984, 42.883554]",360690517001004,360690518001004
42.099285,-76.826782,"(42.099285, -76.826782)",36015,Chemung,360150004001011,"[-76.831428, 42.09873, -76.825279, 42.103022]",360150004001011,360150004003014
42.091446,-76.79686,"(42.091446, -76.79686)",36015,Chemung,360150007003004,"[-76.799803, 42.090769, -76.79566, 42.093347]",360150007003004,360150007003005
